DUMMTEST,https://forms.cloud.microsoft/r/x1BLWGCmVV,Dummy Test Session
SARDINE,https://forms.cloud.microsoft/r/E3MiKkrzKE,M3 GenAI Supervisor
SOFTFACT,https://forms.cloud.microsoft/r/dnbQ2M6Fs8,Infor Agentic Software Factory
RELACT,https://forms.cloud.microsoft/r/DkXvPbjqxG,Release Activities
DOCCON,https://forms.cloud.microsoft/r/TBR4cW8CFp,Documentation & Content
REQDES,https://forms.cloud.microsoft/r/d9tiU7TcPG,Requirements & Design
CODEREV,https://forms.cloud.microsoft/r/zRZrtagKzY,Code Review & Unit Testing
BUGFIX,https://forms.cloud.microsoft/r/41Q0azUfdG,Issue Analysis & Bug Fix
AIDLC,https://forms.cloud.microsoft/r/NitgUEEC8D,AWS AI-DLC Workflow v2
AIFND,https://forms.cloud.microsoft/r/YwPbfSjcWh,AI Foundations
BMAD,https://forms.cloud.microsoft/r/01m5g7br6Y,BMAD Method
HOMEGROWN,https://forms.cloud.microsoft/r/Vnhx3Ri69K,Homegrown AI delivery frameworks
TESTQA,https://forms.cloud.microsoft/r/wt8xq3NNU1,Test & QA Automation
